1,Shortbread,After 
5,Shortbread,Before
6,Shortbread,Before
10,Shortbread,After 
24,Shortbread,After 
31,Shortbread,After 
41,Shortbread,After 
42,Shortbread,After 
46,Shortbread,Before
51,Shortbread,Before
56,Shortbread,After 
64,Shortbread,Before
65,Shortbread,After 
,Food,Event
66,Shortbread,After 
69,Shortbread,After 
78,Shortbread,Before
80,Shortbread,Before
83,Shortbread,After 
84,Shortbread,Before
86,Shortbread,After 
90,Shortbread,Before
95,Shortbread,After 
101,Shortbread,Before
106,Shortbread,Before
109,Shortbread,After 
115,Shortbread,After 
116,Shortbread,After 
123,Shortbread,Before
126,Shortbread,Before
131,Shortbread,After 
133,Shortbread,Before
140,Shortbread,After 
150,Shortbread,Before
152,Shortbread,Before
153,Shortbread,After 
159,Shortbread,Before
173,Shortbread,After 
175,Shortbread,Before
180,Shortbread,Before
183,Shortbread,Before
185,Shortbread,After 
186,Shortbread,Before
187,Shortbread,Before
190,Shortbread,After 
194,Shortbread,Before
196,Shortbread,After 
202,Shortbread,Before
